epoch,step,no_improvement_percent,wrong_speaker_percent
1.0,3475,46.03333333333334,27.116666666666667
2.0,6950,26.683333333333337,18.96666666666667
3.0,10425,25.383333333333336,14.933333333333335
4.0,13900,19.75,14.716666666666667
5.0,17375,21.433333333333337,10.933333333333334
6.0,20850,16.249999999999996,11.866666666666667
7.0,24325,16.600000000000005,9.766666666666666
8.0,27800,13.283333333333335,8.616666666666667
9.0,31275,11.683333333333334,8.233333333333333
10.0,34750,11.833333333333329,7.683333333333334
11.0,38225,11.033333333333328,8.0
12.0,41700,12.583333333333336,6.983333333333333
13.0,45175,11.283333333333335,6.7
14.0,48650,8.983333333333333,6.583333333333333
15.0,52125,9.699999999999998,7.033333333333333
16.0,55600,9.166666666666668,6.666666666666667
17.0,59075,8.91666666666666,6.3
18.0,62550,8.666666666666668,6.25
19.0,66025,7.983333333333331,5.766666666666667
20.0,69500,8.383333333333331,6.783333333333333
21.0,72975,7.716666666666672,5.800000000000001
22.0,76450,7.966666666666667,6.233333333333333
23.0,79925,7.616666666666672,5.25
24.0,83400,8.366666666666667,5.816666666666666
25.0,86875,8.05,5.8500000000000005
26.0,90350,7.350000000000001,5.6000000000000005
27.0,93825,7.699999999999996,5.616666666666666
28.0,97300,6.88333333333333,5.1499999999999995
29.0,100775,7.416666666666671,5.3
30.0,104250,7.15,5.3
31.0,107725,6.766666666666666,5.183333333333334
32.0,111200,6.31666666666667,5.016666666666667
33.0,114675,6.8500000000000005,5.3
34.0,118150,6.816666666666671,5.116666666666666
35.0,121625,7.099999999999995,5.483333333333333
36.0,125100,5.666666666666664,4.533333333333333
37.0,128575,5.549999999999999,4.3999999999999995
38.0,132050,6.15,4.816666666666667
39.0,135525,5.700000000000005,4.75
40.0,139000,6.566666666666665,5.016666666666667
41.0,142475,5.449999999999999,4.483333333333333
42.0,145950,6.699999999999995,5.116666666666666
43.0,149425,6.0833333333333295,5.033333333333333
44.0,152900,6.366666666666665,5.25
45.0,156375,5.75,4.566666666666666
46.0,159850,6.399999999999995,5.116666666666666
47.0,163325,5.966666666666665,4.833333333333333
48.0,166800,5.549999999999999,4.5
49.0,170275,6.01666666666667,4.8500000000000005
50.0,173750,6.05,4.516666666666667
51.0,177225,6.499999999999995,5.166666666666667
52.0,180700,5.41666666666667,4.633333333333333
53.0,184175,5.083333333333329,4.133333333333333
54.0,187650,5.2166666666666694,4.3
55.0,191125,5.883333333333329,4.616666666666667
56.0,194600,5.200000000000005,4.283333333333333
57.0,198075,5.633333333333335,4.733333333333333
58.0,201550,5.71666666666667,4.8500000000000005
59.0,205025,5.41666666666667,4.466666666666667
60.0,208500,5.133333333333335,4.283333333333333
61.0,211975,5.75,4.583333333333333
62.0,215450,5.149999999999999,4.35
63.0,218925,5.566666666666665,4.666666666666667
64.0,222400,5.133333333333335,4.266666666666667
65.0,225875,5.200000000000005,4.1000000000000005
66.0,229350,5.166666666666664,4.25
67.0,232825,5.733333333333334,4.55
68.0,236300,5.183333333333328,4.483333333333333
69.0,239775,5.116666666666669,4.183333333333334
70.0,243250,5.133333333333335,4.083333333333333
71.0,246725,5.283333333333329,4.3999999999999995
72.0,250200,4.783333333333328,3.883333333333333
73.0,253675,5.149999999999999,4.033333333333333
74.0,257150,5.100000000000005,4.266666666666667
75.0,260625,5.31666666666667,4.233333333333333
76.0,264100,5.4333333333333345,4.25
77.0,267575,5.466666666666664,4.55
78.0,271050,5.266666666666664,4.516666666666667
79.0,274525,5.266666666666664,4.283333333333333
80.0,278000,5.033333333333334,4.016666666666667
81.0,281475,5.100000000000005,4.1000000000000005
