speaker,cases,best_mean,best_p25,best_p75,latest_mean,rank
2277,223,7.3562319209222835,9.563114166259766,15.401193618774414,6.885448719621239,1
3853,136,7.699474874664755,8.637287378311157,14.666965961456299,6.985154135700534,2
422,63,8.396250770205544,7.780038356781006,13.969946384429932,8.776759253607857,3
6319,132,8.953465472568165,9.100593090057373,14.969956636428833,8.483275825327093,4
3081,189,9.136005482345661,7.084662914276123,12.024211883544922,8.74827502707325,5
8842,127,9.266417067820631,10.848498344421387,15.179239749908447,9.28175553186672,6
7850,166,9.772298751107181,10.23835039138794,15.56980299949646,9.216092992977924,7
6241,184,10.070640619682228,8.688412427902222,14.3850736618042,9.754752682602923,8
174,124,10.279894232749939,10.117106914520264,14.056652545928955,10.699788478112989,9
6295,169,10.494625133170178,9.365447998046875,14.242621421813965,10.905697729460586,10
1988,163,10.687678084051683,11.441823482513428,15.205681800842285,11.017053672872438,11
251,169,10.84153321226673,11.106517791748047,14.867217063903809,11.227821222423803,12
6313,207,11.148397457772408,11.547449111938477,15.512260437011719,11.678491115570068,13
3576,83,11.71731398909925,10.529147148132324,14.988404750823975,11.23094113907182,14
5338,135,12.076356594650834,11.833727359771729,15.806503772735596,11.896210990128694,15
7976,186,12.084677323218315,11.700771570205688,15.680583000183105,12.139620423957865,16
1993,133,12.16719030616875,11.605417251586914,16.054079055786133,12.215145494704856,17
8297,181,12.284865015778093,11.210208892822266,15.626622200012207,11.93063613986442,18
5694,176,12.309715502641417,11.306174278259277,14.605634212493896,12.292359614914114,19
652,182,12.376670073676895,10.659703493118286,14.358604669570923,12.362577832662142,20
2078,96,12.486628567179045,11.090450048446655,14.485283136367798,11.980889101823172,21
777,176,12.553317307071252,11.045156955718994,14.313992261886597,12.51752144233747,22
2035,170,12.563878702065525,11.770244598388672,15.377480506896973,12.471767133824965,23
3536,162,12.672050217051565,10.299994468688965,15.377135753631592,12.730471301961828,24
2412,142,12.67600874162056,11.731934547424316,15.878078699111938,12.690791984678993,25
84,154,12.744349383688592,11.986494302749634,15.477952003479004,13.095357241568628,26
5536,135,12.751008597126713,11.003085136413574,14.691792964935303,12.774218737637556,27
2803,131,12.773351738471112,11.659512042999268,15.556786060333252,12.360331051222241,28
3170,106,12.822304251059046,11.750544309616089,14.502995014190674,12.949605105058202,29
3000,109,12.863811632908812,11.11625862121582,14.980384826660156,13.04061268447736,30
6345,157,13.039579685326595,12.71312427520752,16.21645736694336,14.001886673034376,31
1919,135,13.050193643569946,11.758378028869629,15.708356380462646,13.004373977802418,32
1462,187,13.232973123616713,11.960609912872314,15.645379543304443,13.320423035060658,33
2902,71,13.378564592818138,12.163806438446045,15.22700834274292,13.564987753478574,34
2086,131,13.464671034849326,11.936561584472656,16.230124473571777,13.294035702261306,35
3752,179,13.652985327736625,11.585464477539062,16.368700981140137,13.872689678682296,36
1673,107,13.861544965583587,12.7001051902771,16.31315040588379,13.867821488424996,37
2428,177,13.863213246151552,12.282170295715332,15.665706634521484,13.743020325730749,38
1272,169,14.046501080665363,12.256295204162598,16.228357315063477,13.99943652519813,39
5895,178,14.47108201766282,13.092504024505615,16.938578605651855,13.929304445727487,40
